[
   {
      "y": 2000,
      "c": 197
   },
   {
      "y": 2001,
      "c": 160
   },
   {
      "y": 2002,
      "c": 203
   },
   {
      "y": 2003,
      "c": 166
   },
   {
      "y": 2004,
      "c": 200
   },
   {
      "y": 2005,
      "c": 165
   },
   {
      "y": 2006,
      "c": 111
   },
   {
      "y": 2007,
      "c": 157
   },
   {
      "y": 2008,
      "c": 156
   },
   {
      "y": 2009,
      "c": 100
   },
   {
      "y": 2010,
      "c": 147
   },
   {
      "y": 2011,
      "c": 178
   },
   {
      "y": 2012,
      "c": 142
   },
   {
      "y": 2013,
      "c": 155
   },
   {
      "y": 2014,
      "c": 166
   },
   {
      "y": 2015,
      "c": 152
   }
]